"","Kingdom","Phylum","Class","Order","Family","Genus","Species"
"ASV_1","Bacteria","Actinobacteria","Actinobacteria","Propionibacteriales","Propionibacteriaceae","Cutibacterium",NA
"ASV_2","Bacteria","Firmicutes","Bacilli","Lactobacillales","Streptococcaceae","Streptococcus",NA
"ASV_3","Bacteria","Actinobacteria","Actinobacteria","Micrococcales","Micrococcaceae","Rothia",NA
"ASV_4","Bacteria","Bacteroidetes","Bacteroidia","Bacteroidales","Prevotellaceae","Prevotella_7",NA
"ASV_5","Bacteria","Actinobacteria","Actinobacteria","Actinomycetales","Actinomycetaceae","Actinomyces",NA
"ASV_6","Bacteria","Actinobacteria","Actinobacteria","Actinomycetales","Actinomycetaceae","Actinomyces","odontolyticus"
"ASV_7","Bacteria","Actinobacteria","Actinobacteria","Propionibacteriales","Propionibacteriaceae","Pseudopropionibacterium",NA
"ASV_8","Bacteria","Firmicutes","Bacilli","Lactobacillales","Streptococcaceae","Streptococcus",NA
"ASV_9","Bacteria","Firmicutes","Bacilli","Lactobacillales","Streptococcaceae","Streptococcus",NA
"ASV_10","Bacteria","Actinobacteria","Actinobacteria","Corynebacteriales","Corynebacteriaceae","Corynebacterium_1",NA
"ASV_11","Bacteria","Actinobacteria","Actinobacteria","Propionibacteriales","Propionibacteriaceae","Cutibacterium","acnes"
"ASV_12","Bacteria","Actinobacteria","Actinobacteria","Actinomycetales","Actinomycetaceae","Actinomyces",NA
"ASV_13","Bacteria","Firmicutes","Bacilli","Lactobacillales","Streptococcaceae","Streptococcus",NA
"ASV_14","Bacteria","Firmicutes","Bacilli","Lactobacillales","Streptococcaceae","Streptococcus",NA
"ASV_15","Bacteria","Firmicutes","Bacilli","Lactobacillales","Streptococcaceae","Streptococcus",NA
"ASV_16","Bacteria","Bacteroidetes","Bacteroidia","Bacteroidales","Prevotellaceae","Prevotella_7",NA
"ASV_17","Bacteria","Proteobacteria","Gammaproteobacteria","Betaproteobacteriales","Burkholderiaceae","Pelomonas",NA
"ASV_18","Bacteria","Proteobacteria","Gammaproteobacteria","Betaproteobacteriales","Neisseriaceae","Neisseria",NA
"ASV_19","Bacteria","Firmicutes","Clostridia","Clostridiales","Lachnospiraceae","Butyrivibrio_2",NA
"ASV_20","Bacteria","Actinobacteria","Actinobacteria","Propionibacteriales","Propionibacteriaceae","Pseudopropionibacterium","propionicum"
"ASV_21","Bacteria","Fusobacteria","Fusobacteriia","Fusobacteriales","Fusobacteriaceae","Fusobacterium","periodonticum"
"ASV_22","Bacteria","Actinobacteria","Actinobacteria","Propionibacteriales","Propionibacteriaceae","Cutibacterium","granulosum"
"ASV_23","Bacteria","Firmicutes","Bacilli","Bacillales","Family_XI","Gemella",NA
"ASV_24","Bacteria","Actinobacteria","Coriobacteriia","Coriobacteriales","Atopobiaceae","Atopobium","parvulum"
"ASV_25","Bacteria","Proteobacteria","Gammaproteobacteria","Xanthomonadales","Xanthomonadaceae","Stenotrophomonas",NA
"ASV_26","Bacteria","Firmicutes","Clostridia","Clostridiales","Lachnospiraceae","Johnsonella",NA
"ASV_27","Bacteria","Actinobacteria","Actinobacteria","Micrococcales","Micrococcaceae","Nesterenkonia",NA
"ASV_28","Bacteria","Firmicutes","Clostridia","Clostridiales","Lachnospiraceae",NA,NA
"ASV_29","Bacteria","Firmicutes","Clostridia","Clostridiales","Peptostreptococcaceae","Peptostreptococcus","stomatis"
"ASV_30","Bacteria","Firmicutes","Bacilli","Bacillales","Family_XI","Gemella","sanguinis"
"ASV_31","Bacteria","Bacteroidetes","Bacteroidia","Bacteroidales","Prevotellaceae","Prevotella_6",NA
"ASV_32","Bacteria","Firmicutes","Clostridia","Clostridiales","Family_XI","Parvimonas","micra"
"ASV_33","Bacteria","Actinobacteria","Actinobacteria","Propionibacteriales","Propionibacteriaceae","Cutibacterium","acnes"
"ASV_34","Bacteria","Proteobacteria","Gammaproteobacteria","Pseudomonadales","Moraxellaceae","Acinetobacter",NA
"ASV_35","Bacteria","Firmicutes","Bacilli","Lactobacillales","Streptococcaceae","Streptococcus",NA
"ASV_36","Bacteria","Bacteroidetes","Bacteroidia","Bacteroidales","Prevotellaceae","Prevotella","pallens"
"ASV_37","Bacteria","Firmicutes","Negativicutes","Selenomonadales","Veillonellaceae","Selenomonas_3",NA
"ASV_38","Bacteria","Actinobacteria","Actinobacteria","Corynebacteriales","Corynebacteriaceae","Corynebacterium_1","accolens"
"ASV_39","Bacteria","Firmicutes","Bacilli","Lactobacillales","Carnobacteriaceae","Granulicatella",NA
"ASV_40","Bacteria","Actinobacteria","Coriobacteriia","Coriobacteriales","Atopobiaceae","Atopobium","rimae"
"ASV_41","Bacteria","Firmicutes","Negativicutes","Selenomonadales","Veillonellaceae","Veillonella",NA
"ASV_42","Bacteria","Proteobacteria","Gammaproteobacteria","Pseudomonadales","Moraxellaceae","Moraxella",NA
"ASV_43","Bacteria","Firmicutes","Clostridia","Clostridiales","Family_XIII",NA,NA
"ASV_44","Bacteria","Actinobacteria","Actinobacteria","Micrococcales","Microbacteriaceae","Microbacterium","lacticum"
"ASV_45","Bacteria","Actinobacteria","Actinobacteria","Propionibacteriales","Propionibacteriaceae","Cutibacterium","avidum"
"ASV_46","Bacteria","Firmicutes","Negativicutes","Selenomonadales","Veillonellaceae","Selenomonas_3",NA
"ASV_47","Bacteria","Fusobacteria","Fusobacteriia","Fusobacteriales","Fusobacteriaceae","Fusobacterium","nucleatum"
"ASV_48","Bacteria","Actinobacteria","Actinobacteria","Corynebacteriales","Corynebacteriaceae","Corynebacterium_1",NA
"ASV_49","Bacteria","Fusobacteria","Fusobacteriia","Fusobacteriales","Fusobacteriaceae","Fusobacterium",NA
"ASV_50","Bacteria","Firmicutes","Bacilli","Lactobacillales","Streptococcaceae","Streptococcus",NA
"ASV_51","Bacteria","Proteobacteria","Gammaproteobacteria","Betaproteobacteriales","Burkholderiaceae","Ralstonia",NA
"ASV_52","Bacteria","Proteobacteria","Gammaproteobacteria","Cardiobacteriales","Cardiobacteriaceae","Cardiobacterium","hominis"
"ASV_53","Bacteria","Bacteroidetes","Bacteroidia","Bacteroidales","Prevotellaceae","Prevotella_7","jejuni"
"ASV_54","Bacteria","Firmicutes","Bacilli","Lactobacillales","Streptococcaceae","Streptococcus","sanguinis"
"ASV_55","Bacteria","Actinobacteria","Actinobacteria","Propionibacteriales","Propionibacteriaceae","Cutibacterium","acnes"
"ASV_56","Bacteria","Bacteroidetes","Bacteroidia","Flavobacteriales","Flavobacteriaceae","Capnocytophaga",NA
"ASV_57","Bacteria","Firmicutes","Negativicutes","Selenomonadales","Veillonellaceae","Selenomonas_3",NA
"ASV_58","Bacteria","Firmicutes","Bacilli","Lactobacillales","Streptococcaceae","Streptococcus",NA
"ASV_59","Bacteria","Firmicutes","Bacilli","Bacillales","Staphylococcaceae","Staphylococcus",NA
"ASV_60","Bacteria","Actinobacteria","Actinobacteria","Actinomycetales","Actinomycetaceae","Actinomyces","graevenitzii"
"ASV_61","Bacteria","Proteobacteria","Gammaproteobacteria","Pseudomonadales","Pseudomonadaceae","Pseudomonas",NA
"ASV_62","Bacteria","Firmicutes","Clostridia","Clostridiales","Lachnospiraceae","Oribacterium",NA
"ASV_63","Bacteria","Proteobacteria","Gammaproteobacteria","Betaproteobacteriales","Neisseriaceae","Neisseria",NA
"ASV_64","Bacteria","Actinobacteria","Actinobacteria","Propionibacteriales","Propionibacteriaceae","Cutibacterium",NA
"ASV_65","Bacteria","Firmicutes","Bacilli","Lactobacillales","Streptococcaceae","Streptococcus",NA
"ASV_66","Bacteria","Firmicutes","Bacilli","Bacillales","Staphylococcaceae","Staphylococcus",NA
"ASV_67","Bacteria","Firmicutes","Bacilli","Lactobacillales","Streptococcaceae","Streptococcus",NA
"ASV_68",NA,NA,NA,NA,NA,NA,NA
"ASV_69","Bacteria","Actinobacteria","Coriobacteriia","Coriobacteriales","Eggerthellaceae","Slackia","exigua"
"ASV_70","Bacteria","Firmicutes","Erysipelotrichia","Erysipelotrichales","Erysipelotrichaceae","Solobacterium","moorei"
"ASV_71","Bacteria","Tenericutes","Mollicutes","Mycoplasmatales","Mycoplasmataceae","Mycoplasma",NA
"ASV_72","Bacteria","Actinobacteria","Actinobacteria","Corynebacteriales","Corynebacteriaceae","Corynebacterium",NA
"ASV_73","Bacteria","Fusobacteria","Fusobacteriia","Fusobacteriales","Fusobacteriaceae","Fusobacterium",NA
"ASV_74","Bacteria","Actinobacteria","Actinobacteria","Corynebacteriales","Corynebacteriaceae","Corynebacterium",NA
"ASV_75","Bacteria","Firmicutes","Bacilli","Lactobacillales","Streptococcaceae","Streptococcus",NA
"ASV_76","Bacteria","Actinobacteria","Actinobacteria","Propionibacteriales","Propionibacteriaceae","Propionibacterium","acidifaciens"
"ASV_77","Bacteria","Bacteroidetes","Bacteroidia","Bacteroidales","Prevotellaceae","Prevotella_7",NA
"ASV_78","Bacteria","Firmicutes","Bacilli","Lactobacillales","Streptococcaceae","Streptococcus",NA
"ASV_79","Bacteria","Firmicutes","Clostridia","Clostridiales","Family_XI","Anaerococcus",NA
"ASV_80","Bacteria","Proteobacteria","Gammaproteobacteria","Betaproteobacteriales","Neisseriaceae","Neisseria",NA
"ASV_81","Bacteria","Actinobacteria","Actinobacteria","Micrococcales","Micrococcaceae","Rothia","dentocariosa"
"ASV_82","Bacteria","Actinobacteria","Actinobacteria","Propionibacteriales","Propionibacteriaceae","Cutibacterium",NA
"ASV_83","Bacteria","Firmicutes","Negativicutes","Selenomonadales","Veillonellaceae","Selenomonas_3","infelix"
"ASV_84","Bacteria","Bacteroidetes","Bacteroidia","Bacteroidales","Prevotellaceae","Prevotella_7",NA
"ASV_85","Bacteria","Firmicutes","Negativicutes","Selenomonadales","Veillonellaceae","Veillonella",NA
"ASV_86","Bacteria","Actinobacteria","Actinobacteria","Actinomycetales","Actinomycetaceae","Actinomyces",NA
"ASV_87","Bacteria","Firmicutes","Clostridia","Clostridiales","Family_XIII",NA,NA
"ASV_88","Bacteria","Firmicutes","Clostridia","Thermoanaerobacterales","Thermoanaerobacteraceae",NA,NA
"ASV_89","Bacteria","Firmicutes","Bacilli","Bacillales","Family_XI","Gemella","morbillorum"
"ASV_90","Bacteria","Firmicutes","Bacilli","Lactobacillales","Streptococcaceae","Streptococcus",NA
"ASV_91","Bacteria","Actinobacteria","Actinobacteria","Micrococcales","Microbacteriaceae","Microbacterium","lacticum"
"ASV_92","Bacteria","Proteobacteria","Gammaproteobacteria","Pasteurellales","Pasteurellaceae","Haemophilus",NA
"ASV_93","Bacteria","Actinobacteria","Actinobacteria","Actinomycetales","Actinomycetaceae","Actinomyces",NA
"ASV_94","Bacteria","Actinobacteria","Actinobacteria","Actinomycetales","Actinomycetaceae","Actinomyces",NA
"ASV_95","Bacteria","Proteobacteria","Gammaproteobacteria","Betaproteobacteriales","Burkholderiaceae","Lautropia",NA
"ASV_96","Bacteria","Patescibacteria","Saccharimonadia","Saccharimonadales","Saccharimonadaceae",NA,NA
"ASV_97","Bacteria","Bacteroidetes","Bacteroidia","Bacteroidales","Prevotellaceae","Prevotella",NA
"ASV_98","Bacteria","Bacteroidetes","Bacteroidia","Bacteroidales","Prevotellaceae","Prevotella",NA
"ASV_99","Bacteria","Proteobacteria","Gammaproteobacteria","Betaproteobacteriales","Burkholderiaceae","Alcaligenes",NA
"ASV_100","Bacteria","Firmicutes","Bacilli","Lactobacillales","Streptococcaceae","Streptococcus",NA
"ASV_101","Bacteria","Firmicutes","Bacilli","Lactobacillales","Streptococcaceae","Streptococcus",NA
"ASV_102","Bacteria","Firmicutes","Bacilli","Bacillales","Staphylococcaceae","Aliicoccus","persicus"
"ASV_103","Bacteria","Firmicutes","Clostridia","Clostridiales","Lachnospiraceae",NA,NA
"ASV_104","Bacteria","Firmicutes","Negativicutes","Selenomonadales","Veillonellaceae","Veillonella",NA
"ASV_105","Bacteria","Fusobacteria","Fusobacteriia","Fusobacteriales","Fusobacteriaceae","Fusobacterium","periodonticum"
"ASV_106","Bacteria","Firmicutes","Clostridia","Clostridiales","Family_XIII","Mogibacterium",NA
"ASV_107","Bacteria","Actinobacteria","Actinobacteria","Propionibacteriales","Propionibacteriaceae","Cutibacterium",NA
"ASV_108","Bacteria","Actinobacteria","Actinobacteria","Corynebacteriales","Corynebacteriaceae","Corynebacterium_1",NA
"ASV_109","Bacteria","Patescibacteria","Saccharimonadia","Saccharimonadales","Saccharimonadaceae","Candidatus_Saccharimonas",NA
"ASV_110","Bacteria","Tenericutes","Mollicutes","Mycoplasmatales","Mycoplasmataceae","Mycoplasma",NA
"ASV_111","Bacteria","Actinobacteria","Actinobacteria","Micrococcales","Micrococcaceae","Rothia","dentocariosa"
"ASV_112","Bacteria","Bacteroidetes","Bacteroidia","Bacteroidales","Prevotellaceae","Prevotella_6",NA
"ASV_113","Bacteria","Proteobacteria","Gammaproteobacteria","Pseudomonadales","Pseudomonadaceae","Pseudomonas",NA
"ASV_114","Bacteria","Actinobacteria","Actinobacteria","Actinomycetales","Actinomycetaceae","Actinomyces",NA
"ASV_115","Bacteria","Bacteroidetes","Bacteroidia","Bacteroidales","Porphyromonadaceae","Porphyromonas",NA
"ASV_116","Bacteria","Firmicutes","Negativicutes","Selenomonadales","Veillonellaceae","Selenomonas_3","noxia"
"ASV_117","Bacteria","Proteobacteria","Gammaproteobacteria","Cardiobacteriales","Cardiobacteriaceae","Cardiobacterium","valvarum"
"ASV_118","Bacteria","Firmicutes","Bacilli","Lactobacillales","Carnobacteriaceae","Atopostipes",NA
"ASV_119","Bacteria","Bacteroidetes","Bacteroidia","Bacteroidales","Paludibacteraceae","F0058",NA
"ASV_120","Bacteria","Bacteroidetes","Bacteroidia","Bacteroidales","Tannerellaceae","Tannerella",NA
"ASV_121","Bacteria","Firmicutes","Bacilli","Lactobacillales","Streptococcaceae","Streptococcus",NA
"ASV_122","Bacteria","Proteobacteria","Gammaproteobacteria","Pasteurellales","Pasteurellaceae","Haemophilus","parainfluenzae"
"ASV_123","Bacteria","Proteobacteria","Gammaproteobacteria","Pasteurellales","Pasteurellaceae","Haemophilus","parainfluenzae"
"ASV_124","Bacteria","Proteobacteria","Alphaproteobacteria","Rhizobiales","Rhizobiaceae","Mesorhizobium",NA
"ASV_125","Bacteria","Bacteroidetes","Bacteroidia","Bacteroidales","Prevotellaceae","Prevotella_7","melaninogenica"
"ASV_126","Bacteria","Bacteroidetes","Bacteroidia","Bacteroidales","Prevotellaceae","Prevotella",NA
"ASV_127","Bacteria","Firmicutes","Bacilli","Lactobacillales","Carnobacteriaceae","Dolosigranulum","pigrum"
"ASV_128","Bacteria","Firmicutes","Clostridia","Clostridiales","Family_XI","Anaerococcus",NA
"ASV_129","Bacteria","Firmicutes","Clostridia","Clostridiales","Family_XIII","Mogibacterium","timidum"
"ASV_130","Bacteria","Firmicutes","Bacilli","Bacillales","Bacillaceae","Oceanobacillus","massiliensis"
"ASV_131","Bacteria","Bacteroidetes","Bacteroidia","Bacteroidales","Prevotellaceae","Prevotella_2",NA
"ASV_132","Bacteria","Bacteroidetes","Bacteroidia","Bacteroidales","Porphyromonadaceae","Porphyromonas",NA
"ASV_133","Bacteria","Bacteroidetes","Bacteroidia","Flavobacteriales","Flavobacteriaceae","Capnocytophaga","leadbetteri"
"ASV_134","Bacteria","Firmicutes","Bacilli","Bacillales","Family_XI","Gemella","sanguinis"
"ASV_135","Bacteria","Firmicutes","Clostridia","Clostridiales","Lachnospiraceae","Stomatobaculum",NA
"ASV_136","Bacteria","Actinobacteria","Actinobacteria","Corynebacteriales","Corynebacteriaceae","Corynebacterium_1","lipophiloflavum"
"ASV_137","Bacteria","Firmicutes","Bacilli","Lactobacillales","Streptococcaceae","Streptococcus",NA
"ASV_138","Bacteria","Actinobacteria","Actinobacteria","Actinomycetales","Actinomycetaceae","Actinomyces",NA
"ASV_139","Bacteria","Bacteroidetes","Bacteroidia","Bacteroidales","Prevotellaceae","Prevotella_7",NA
"ASV_140","Bacteria","Proteobacteria","Gammaproteobacteria","Oceanospirillales","Alcanivoracaceae","Alcanivorax",NA
"ASV_141","Bacteria","Firmicutes","Bacilli","Bacillales","Planococcaceae","Planococcus",NA
"ASV_142","Bacteria","Spirochaetes","Spirochaetia","Spirochaetales","Spirochaetaceae","Treponema_2","socranskii"
"ASV_143","Bacteria","Firmicutes","Clostridia","Clostridiales","Lachnospiraceae","Lachnoanaerobaculum","cf."
"ASV_144","Bacteria","Firmicutes","Negativicutes","Selenomonadales","Veillonellaceae","Veillonella",NA
"ASV_145","Bacteria","Patescibacteria","Saccharimonadia","Saccharimonadales","Saccharimonadaceae",NA,NA
"ASV_146","Bacteria","Actinobacteria","Actinobacteria","Micrococcales","Micrococcaceae","Micrococcus",NA
"ASV_147",NA,NA,NA,NA,NA,NA,NA
"ASV_148","Bacteria","Firmicutes","Negativicutes","Selenomonadales","Veillonellaceae","Dialister",NA
"ASV_149","Bacteria","Bacteroidetes","Bacteroidia","Bacteroidales","Prevotellaceae","Alloprevotella",NA
"ASV_150","Bacteria","Proteobacteria","Gammaproteobacteria","Betaproteobacteriales","Burkholderiaceae","Variovorax",NA
"ASV_151","Bacteria","Proteobacteria","Gammaproteobacteria","Pasteurellales","Pasteurellaceae","Haemophilus","parainfluenzae"
"ASV_152","Bacteria","Firmicutes","Bacilli","Lactobacillales","Lactobacillaceae","Lactobacillus",NA
"ASV_153","Bacteria","Firmicutes","Clostridia","Clostridiales","Clostridiales_vadinBB60_group",NA,NA
"ASV_154","Bacteria","Proteobacteria","Gammaproteobacteria","Pasteurellales","Pasteurellaceae","Actinobacillus","pleuropneumoniae"
"ASV_155","Bacteria","Bacteroidetes","Bacteroidia","Bacteroidales","Prevotellaceae","Alloprevotella",NA
"ASV_156","Bacteria","Firmicutes","Negativicutes","Selenomonadales","Veillonellaceae","Veillonella",NA
"ASV_157","Bacteria","Bacteroidetes","Bacteroidia","Bacteroidales","Porphyromonadaceae","Porphyromonas",NA
"ASV_158","Bacteria","Bacteroidetes","Bacteroidia","Bacteroidales","Prevotellaceae","Prevotella",NA
"ASV_159","Bacteria","Firmicutes","Clostridia","Clostridiales","Lachnospiraceae","Catonella",NA
"ASV_160","Bacteria","Actinobacteria","Actinobacteria","Propionibacteriales","Propionibacteriaceae","Propioniciclava",NA
"ASV_161","Bacteria","Bacteroidetes","Bacteroidia","Bacteroidales","Prevotellaceae","Alloprevotella",NA
"ASV_162","Bacteria","Firmicutes","Clostridia","Clostridiales","Lachnospiraceae","Catonella","morbi"
"ASV_163","Bacteria","Firmicutes","Clostridia","Clostridiales","Family_XI","Parvimonas",NA
"ASV_164","Bacteria","Proteobacteria","Gammaproteobacteria","Pseudomonadales","Pseudomonadaceae","Pseudomonas",NA
"ASV_165","Bacteria","Firmicutes","Bacilli","Lactobacillales","Aerococcaceae","Abiotrophia",NA
"ASV_166","Bacteria","Firmicutes","Bacilli","Lactobacillales","Streptococcaceae","Streptococcus",NA
"ASV_167","Bacteria","Firmicutes","Negativicutes","Selenomonadales","Veillonellaceae","Megasphaera","micronuciformis"
"ASV_168","Bacteria","Actinobacteria","Actinobacteria","Corynebacteriales","Corynebacteriaceae","Corynebacterium_1",NA
"ASV_169","Bacteria","Firmicutes","Clostridia","Clostridiales","Lachnospiraceae","Lachnoanaerobaculum",NA
"ASV_170","Bacteria","Patescibacteria","Saccharimonadia","Saccharimonadales","Saccharimonadaceae",NA,NA
"ASV_171","Bacteria","Bacteroidetes","Bacteroidia","Bacteroidales","Prevotellaceae","Alloprevotella",NA
"ASV_172","Bacteria","Bacteroidetes","Bacteroidia","Bacteroidales","Prevotellaceae","Prevotella_7",NA
"ASV_173","Bacteria","Firmicutes","Negativicutes","Selenomonadales","Veillonellaceae","Veillonella",NA
"ASV_174","Bacteria","Firmicutes","Bacilli","Bacillales","Staphylococcaceae","Staphylococcus","lugdunensis"
"ASV_175","Bacteria","Firmicutes","Clostridia","Clostridiales","Ruminococcaceae","Ruminococcaceae_UCG-014",NA
"ASV_176","Bacteria","Patescibacteria","Saccharimonadia","Saccharimonadales","Saccharimonadaceae","Candidatus_Saccharimonas",NA
"ASV_177","Bacteria","Bacteroidetes","Bacteroidia","Bacteroidales","Prevotellaceae","Prevotella_2",NA
"ASV_178","Bacteria","Proteobacteria","Gammaproteobacteria","Pasteurellales","Pasteurellaceae","Actinobacillus",NA
"ASV_179","Bacteria","Bacteroidetes","Bacteroidia","Bacteroidales","Prevotellaceae","Prevotella_7","baroniae"
"ASV_180","Bacteria","Firmicutes","Clostridia","Clostridiales","Family_XI","Parvimonas",NA
"ASV_181","Bacteria","Actinobacteria","Actinobacteria","Corynebacteriales","Corynebacteriaceae","Corynebacterium",NA
"ASV_182","Bacteria","Firmicutes","Negativicutes","Selenomonadales","Veillonellaceae","Veillonella",NA
"ASV_183","Bacteria","Firmicutes","Clostridia","Clostridiales","Peptostreptococcaceae","Peptostreptococcus",NA
"ASV_184","Bacteria","Patescibacteria","Saccharimonadia","Saccharimonadales","Saccharimonadaceae","Candidatus_Saccharimonas",NA
"ASV_185","Bacteria","Bacteroidetes","Bacteroidia","Bacteroidales","Prevotellaceae","Prevotella",NA
"ASV_186","Bacteria","Proteobacteria","Gammaproteobacteria","Pasteurellales","Pasteurellaceae","Haemophilus",NA
"ASV_187","Bacteria","Firmicutes","Clostridia","Clostridiales","Family_XI","Peptoniphilus","lacrimalis"
"ASV_188","Bacteria","Actinobacteria","Actinobacteria","Actinomycetales","Actinomycetaceae","F0332",NA
"ASV_189","Bacteria","Proteobacteria","Gammaproteobacteria","Pasteurellales","Pasteurellaceae","Aggregatibacter",NA
"ASV_190","Bacteria","Firmicutes","Bacilli","Lactobacillales","Aerococcaceae","Abiotrophia",NA
"ASV_191","Bacteria","Bacteroidetes","Bacteroidia","Bacteroidales","Prevotellaceae","Prevotella_7",NA
"ASV_192","Bacteria","Firmicutes","Bacilli","Lactobacillales","Carnobacteriaceae","Granulicatella","adiacens"
"ASV_193","Bacteria","Proteobacteria","Gammaproteobacteria","Betaproteobacteriales","Burkholderiaceae","Burkholderia-Caballeronia-Paraburkholderia",NA
"ASV_194","Bacteria","Firmicutes","Bacilli","Bacillales","Staphylococcaceae","Staphylococcus",NA
"ASV_195","Bacteria","Bacteroidetes","Bacteroidia","Bacteroidales","Paludibacteraceae","F0058",NA
"ASV_196","Bacteria","Actinobacteria","Actinobacteria","Micrococcales","Intrasporangiaceae","Aquipuribacter",NA
"ASV_197","Bacteria","Bacteroidetes","Bacteroidia","Bacteroidales","Prevotellaceae","Alloprevotella",NA
"ASV_198","Bacteria","Proteobacteria","Gammaproteobacteria","Pseudomonadales","Pseudomonadaceae","Pseudomonas",NA
"ASV_199","Bacteria","Firmicutes","Bacilli","Bacillales","Staphylococcaceae","Staphylococcus",NA
"ASV_200","Bacteria","Bacteroidetes","Bacteroidia","Bacteroidales","Prevotellaceae","Prevotella","nigrescens"
"ASV_201","Eukaryota",NA,NA,NA,NA,NA,NA
"ASV_202","Bacteria","Bacteroidetes","Bacteroidia","Cytophagales","Hymenobacteraceae","Hymenobacter",NA
"ASV_203","Bacteria","Actinobacteria","Actinobacteria","Pseudonocardiales","Pseudonocardiaceae","Actinopolyspora",NA
"ASV_204","Bacteria","Firmicutes","Negativicutes","Selenomonadales","Veillonellaceae","Selenomonas_3",NA
"ASV_205","Bacteria","Bacteroidetes","Bacteroidia","Flavobacteriales","Flavobacteriaceae","Capnocytophaga",NA
"ASV_206","Bacteria","Bacteroidetes","Bacteroidia","Bacteroidales","Porphyromonadaceae","Porphyromonas","endodontalis"
"ASV_207","Bacteria","Firmicutes","Clostridia","Clostridiales","Family_XI","Finegoldia",NA
"ASV_208","Bacteria","Actinobacteria","Acidimicrobiia","Microtrichales",NA,NA,NA
"ASV_209","Bacteria","Firmicutes","Bacilli","Lactobacillales","Carnobacteriaceae","Granulicatella","adiacens"
"ASV_210","Bacteria","Actinobacteria","Actinobacteria","Propionibacteriales","Nocardioidaceae","Nocardioides",NA
"ASV_211","Bacteria","Actinobacteria","Actinobacteria","Corynebacteriales","Corynebacteriaceae","Corynebacterium","durum"
"ASV_212","Bacteria","Firmicutes","Bacilli","Bacillales","Staphylococcaceae","Staphylococcus",NA
"ASV_213","Bacteria","Firmicutes","Erysipelotrichia","Erysipelotrichales","Erysipelotrichaceae","Bulleidia","extructa"
"ASV_214","Bacteria","Firmicutes","Negativicutes","Selenomonadales","Veillonellaceae","Selenomonas_3","dianae"
"ASV_215","Bacteria","Proteobacteria","Alphaproteobacteria","Rhodobacterales","Rhodobacteraceae","Rubellimicrobium",NA
"ASV_216","Bacteria","Firmicutes","Clostridia","Clostridiales","Lachnospiraceae","Catonella",NA
"ASV_217","Bacteria","Firmicutes","Bacilli","Bacillales","Staphylococcaceae","Salinicoccus",NA
"ASV_218","Bacteria","Patescibacteria","Saccharimonadia","Saccharimonadales","Saccharimonadaceae",NA,NA
"ASV_219","Eukaryota",NA,NA,NA,NA,NA,NA
"ASV_220","Bacteria","Actinobacteria","Actinobacteria","Actinomycetales","Actinomycetaceae","Actinomyces","graevenitzii"
"ASV_221","Bacteria","Proteobacteria","Gammaproteobacteria","Pseudomonadales","Moraxellaceae","Acinetobacter",NA
"ASV_222","Bacteria","Actinobacteria","Actinobacteria","Micrococcales","Microbacteriaceae","Microbacterium","lacticum"
"ASV_223","Bacteria","Proteobacteria","Gammaproteobacteria","Betaproteobacteriales","Burkholderiaceae","Lautropia",NA
"ASV_224","Bacteria","Bacteroidetes","Bacteroidia","Flavobacteriales","Flavobacteriaceae",NA,NA
"ASV_225","Bacteria","Firmicutes","Clostridia","Clostridiales","Family_XI","Anaerococcus","nagyae"
"ASV_226","Eukaryota",NA,NA,NA,NA,NA,NA
"ASV_227","Bacteria","Actinobacteria","Actinobacteria","Actinomycetales","Actinomycetaceae","Actinomyces",NA
"ASV_228","Bacteria","Firmicutes","Clostridia","Clostridiales","Lachnospiraceae","Catonella",NA
"ASV_229","Bacteria","Bacteroidetes","Bacteroidia","Bacteroidales","Porphyromonadaceae","Porphyromonas",NA
"ASV_230","Bacteria","Bacteroidetes","Bacteroidia","Bacteroidales","Prevotellaceae","Prevotella",NA
"ASV_231","Bacteria","Firmicutes","Negativicutes","Selenomonadales","Veillonellaceae","Selenomonas_3",NA
"ASV_232","Bacteria","Proteobacteria","Gammaproteobacteria","Betaproteobacteriales","Burkholderiaceae","Massilia",NA
"ASV_233","Bacteria","Bacteroidetes","Bacteroidia","Flavobacteriales","Flavobacteriaceae","Capnocytophaga",NA
"ASV_234","Bacteria","Fusobacteria","Fusobacteriia","Fusobacteriales","Fusobacteriaceae","Fusobacterium","nucleatum"
"ASV_235","Bacteria","Bacteroidetes","Bacteroidia","Flavobacteriales","Weeksellaceae","Bergeyella","cardium"
"ASV_236","Bacteria","Firmicutes","Bacilli","Lactobacillales","Streptococcaceae","Streptococcus","cristatus"
"ASV_237","Bacteria","Firmicutes","Clostridia","Clostridiales","Family_XIII",NA,NA
"ASV_238","Bacteria","Bacteroidetes","Bacteroidia","Bacteroidales","Prevotellaceae","Prevotella_7","pleuritidis"
"ASV_239",NA,NA,NA,NA,NA,NA,NA
"ASV_240","Bacteria","Bacteroidetes","Bacteroidia","Bacteroidales","Rikenellaceae","Rikenellaceae_RC9_gut_group",NA
"ASV_241","Bacteria","Spirochaetes","Spirochaetia","Spirochaetales","Spirochaetaceae","Treponema_2","lecithinolyticum"
"ASV_242","Bacteria","Firmicutes","Clostridia","Clostridiales","Lachnospiraceae","Catonella",NA
"ASV_243","Bacteria","Spirochaetes","Spirochaetia","Spirochaetales","Spirochaetaceae","Treponema_2",NA
"ASV_244","Bacteria",NA,NA,NA,NA,NA,NA
"ASV_245","Bacteria","Actinobacteria","Actinobacteria","Actinomycetales","Actinomycetaceae",NA,NA
"ASV_246","Bacteria","Cyanobacteria","Oxyphotobacteria","Chloroplast",NA,NA,NA
"ASV_247","Bacteria","Proteobacteria","Gammaproteobacteria","Pseudomonadales","Pseudomonadaceae","Pseudomonas",NA
"ASV_248","Bacteria","Bacteroidetes","Bacteroidia","Bacteroidales","Prevotellaceae","Prevotella_7",NA
"ASV_249","Bacteria","Firmicutes","Clostridia","Clostridiales","Peptococcaceae","Peptococcus",NA
"ASV_250","Bacteria","Bacteroidetes","Bacteroidia","Bacteroidales","Prevotellaceae","Alloprevotella","rava"
"ASV_251","Eukaryota",NA,NA,NA,NA,NA,NA
"ASV_252","Bacteria","Proteobacteria","Alphaproteobacteria","Rhodobacterales","Rhodobacteraceae","Amaricoccus",NA
"ASV_253","Bacteria","Proteobacteria","Gammaproteobacteria","Pseudomonadales","Moraxellaceae","Acinetobacter",NA
"ASV_254","Bacteria","Spirochaetes","Spirochaetia","Spirochaetales","Spirochaetaceae","Treponema_2",NA
"ASV_255","Eukaryota",NA,NA,NA,NA,NA,NA
"ASV_256","Bacteria","Bacteroidetes","Bacteroidia","Bacteroidales","Prevotellaceae","Alloprevotella",NA
"ASV_257","Bacteria","Proteobacteria","Alphaproteobacteria","Rhodobacterales","Rhodobacteraceae","Paracoccus",NA
"ASV_258","Bacteria","Proteobacteria","Alphaproteobacteria","Rhodobacterales","Rhodobacteraceae","Amaricoccus",NA
"ASV_259","Bacteria","Bacteroidetes","Bacteroidia","Bacteroidales","Prevotellaceae","Prevotella_2",NA
"ASV_260","Bacteria","Bacteroidetes","Bacteroidia","Flavobacteriales","Flavobacteriaceae","Capnocytophaga","ochracea"
"ASV_261","Eukaryota","Opisthokonta_ph","Aphelidea","Aphelidea_or","Aphelidea_fa","Aphelidium",NA
"ASV_262","Bacteria","Firmicutes","Clostridia","Clostridiales","Lachnospiraceae",NA,NA
"ASV_263","Bacteria","Actinobacteria","Actinobacteria","Micrococcales","Micrococcaceae","Rothia",NA
"ASV_264","Bacteria","Fusobacteria","Fusobacteriia","Fusobacteriales","Leptotrichiaceae","Leptotrichia",NA
"ASV_265","Bacteria","Bacteroidetes","Bacteroidia","Flavobacteriales","Weeksellaceae","Bergeyella",NA
"ASV_266","Eukaryota",NA,NA,NA,NA,NA,NA
"ASV_267","Eukaryota",NA,NA,NA,NA,NA,NA
"ASV_268","Bacteria","Bacteroidetes","Bacteroidia","Flavobacteriales","Flavobacteriaceae","Capnocytophaga",NA
